автор,название,"издательство, год",тэг,тип,где,язык,код
"Бархударова Е.Л., Короткова О.Н., Красильникова Л.В.","Русский язык как иностранный. Фонетика, словообразование","М., 2017",РКИ,,шкаф_1,русский,rus
ред. А.П. Дульзон,Языки и топонимия Сибири 5,"Томск, 1972",северные языки,сборник,шкаф_3,,
ред. А.П. Дульзон,Сказки народов Сибирского Севера 2,"Томск, 1976",тексты с переводом на русский,,шкаф_2,,
ред. А.П. Дульзон,Сказки народов сибирского севера 4,"Томск, 1981",тексты с переводом,,шкаф_2,,
ред. А.П. Дульзон,Сказки народов сибирского севера ,"Томск, 1980",тексты с переводом,,шкаф_2,,
ред. Е. П. Больдт,Лексика и грамматика языков сибири,"Барнаул, 1985",северные языки,сборник,шкаф_3,,
"М. И. Черемисина, Н. М. Кондратьева, В. В. Мазепус",Языки коренных народов Сибири 6,Новосибирск 1999,северные языки,сборник,шкаф_3,,
ред. А. Е. Кибрик,Малые языки и традиции: существование на грани 2,"М., 2008",теоретическая лингвистика,,полки_1,,
Люсьен Теньер,Основы структурного синтаксиса,"М., 1988",теоретическая лингвистика,,полки_1,,
Анна Вежбицкая ,Язык. Культура. Познание,"М., 1996",теоретическая лингвистика,,полки_1,,
ред. Ю. А. Сем и др.,Проблемы фонетики и морфологии языков народов Севера: Межвуз. сб. науч. тр.,"Ленинград, 1987",северные языки,сборник,шкаф_3,,
ред. Бондарко А.В.,"Теория функциональной грамматики: Введение, аспектуальность, временная локализованность, таксис","М., 2001",теоретическая лингвистика,,полки_1,,
ред. В. И. Беликов и др.,"Знак: Сборник статей по лингвистике, семиотике и поэтике памяти А. Н. Журинского. ","М., 1994",теоретическая лингвистика,сборник,полки_1,,
И.Б. Иткин,Русская морфонология,"М., 2007",теоретическая лингвистика,,шкаф_2,русский,rus
"Е.Л. Бархударова, Ф.И. Панков",По-русски — с хорошим произношением: Практический курс русской звучащей речи,"М., 2008",РКИ,,шкаф_3,русский,rus
"Е. В. Головко, Н. Б. Вахтин, А. С. Асиновский",Язык командорских Алеутов. Диалект острова Беринга.,"СПб., 2009",грамматическое описание,,,алеутский,ale
А.Б. Летучий.,Типология лабильных глаголов,"М., 2013",теоретическая лингвистика,,полки_1,,
И. А. Мельчука,"Опыт теории лингвистических моделей ""Смысл — Текст"". Семантика, Синтаксис. ","М., 1976",теоретическая лингвистика,,полки_1,,
I. Vinogradova,Miŋgá / Мӣннькай,"Kautokeino, 2003",тексты без перевода,,,"кильдинский саамский, северносаамский","sjd, sme"
Мечкина Е.И.,Чӯвв юрртэ / Čuovvul jurdaga,"Kárášjohka, 2017",тексты без перевода,,,"кильдинский саамский, северносаамский","sjd, sme"
ред. Е. В. Головко,Acta Linguistica Petropolitana. Труды Института лингвистических исследований. 2021. — Т. 17. Ч. 1. ,"СПб., 2021",теоретическая лингвистика,сборник,полки_1,,
Меркурьев И.С. ,Живая речь кольских поморов,"Мурманск, 1979",тексты,,,русский север,rnor
"Н. Вахтин, Е. Головко, П. Швайтцер",Русские старожилы Сибири,"М., 2004",антропология,,шкаф_3,сибирь,sib
"Е. В. Рахилина, Т. И. Резникова, А. С. Выренкова, Б. В. Орехов, Д. А. Рыжова",Глаголы звуков животных,"М., 2015",теоретическая лингвистика,,полки_1,,
ред. Н. Н. Казанский,Acta Linguistica Petropolitana. Труды Института лингвистических исследований РАН. Т. XII. Ч. 2. Вып. 7: Типология перфекта,"СПб., 2016",теоретическая лингвистика,сборник,полки_1,,
ред. Н. Н. Казанский,Acta Linguistica Petropolitana. Труды Института лингвистических исследований РАН. Т. XII. Ч. 2. Вып. 7: Типология перфекта,"СПб., 2016",теоретическая лингвистика,сборник,полки_1,,
,Памятники фольклора народов Сибири и Дальнего Востока. Фольклор ненцев,"Новосибирск, 2001",фольклор,,,ненецкие,nene
ред. Э. Г. Беккер и др.,Происхождение аборигенов сибири и их языков (материалы конференции 1976),"Томск, 1976",этногенез,сборник,шкаф_2,,
ред. Урбятова,Народы и языки Сибири,"Новосибирск, 1980",северные языки,сборник,шкаф_3,,
ред. Гурвич,Энтогенез и этническая история народов Севера,"М., 1975",этногенез,,шкаф_2,,
ред. В. П. Нерознак,Языки народов России. Красная книга. ,"М., 2002",энциклопедия языков,,шкаф_3,,
,Language. Journal of the linguistic society of America. vol. 83 n.1,2007,теоретическая лингвистика,сборник,полки_1,,
ред. Н. Н. Казанский,Acta linguistica Pertopolitana. Труды Института лингвистических исследований РАН. Т. XI. Ч. 2. Языковое разнообразие в Российской Федерации,"СПб., 2015",теоретическая лингвистика,сборник,полки_1,,
ред. Н. Н. Казанский.,Acta linguistica Pertopolitana. Труды Института лингвистических исследований РАН. Т. XI. Ч. 1. Категория имени и глагола в системе функциональной грамматики,"СПб., 2015",теоретическая лингвистика,сборник,полки_1,,
ред. Черемисина М.И. Скрибник Е.К.,Компоненты предложения,"Новосибирск, 1988",теоретическая лингвистика,,полки_1,,
Бондарко А.В.,Грамматическая категория и контекст,"Ленинград, 1971",теоретическая лингвистика,,полки_1,,
,"Народы России, или описание нравов, обычаев и костюмов различных национальностей Российской Империи. Из коллекции государственного музея им. Пушкина",2012,антропология,,шкаф_3,,
ред. Сем Ю.А.,Вопросы лексики и синтаксиса языков народов крайнего севера СССР,"Ленинград, 1988",северные языки,сборник,шкаф_3,,
сост. Е.А. Белоусова,"Родины, дети, повитухи в традициях народной культуры","М., 2001",антропология,,шкаф_3,,
,"Открываем Россию заново. Проект студенческих экспедиций, годовой отчёт 2022",2022,другое,,полки(а)_1,,
"ред. М. И. Черемисина, Е. К. Скрибник ",Предложение в языках Сибири,"Новосибирск, 1989",северные языки,сборник,шкаф_3,,
Звегинцев В.А.,Мысли о лингвистике,"М., 1996",теоретическая лингвистика,сборник,полки_1,,
,10 причин приехать в Костомукшу,"Костомукша, 2019",брошюра,,шкаф_3,,
,10 причин приехать в Костомукшу,"Костомукша, 2019",брошюра,,шкаф_3,,
ред. А.П. Дульзон,Языки и топонимия Сибири 7,"Томск, 1975",северные языки,сборник,шкаф_3,,
ред. Ю.А. Морев и др.,Языки народов Сибири,"Томск, 1995",северные языки,сборник,шкаф_3,,
ред. Э. Г. Беккер и др.,Происхождение аборигенов сибири и их языков (материалы конференции 1973),"Томск, 1973",этногенез,,шкаф_2,,
А.Л. Шилов,Заметки по исторической топонимике Русского Севера,"Москва, 1999",топонимика,,,русский север,rnor
ред. Н.Н. Широбокова,Пути формирования лингвистического ландшафта Сибири,"Новосибирск, 2005",северные языки,сборник,шкаф_3,,
ред. Н.Н. Широбокова,Пути формирования лингвистического ландшафта Сибири,"Новосибирск, 2005",северные языки,сборник,шкаф_3,,
"ред. Н.Н. Широбокова, Н.Б. Кошкарёва",Языки коренных народов Сибири. Выпуск 7. Экспедиционные материалы. Ч. 1. Образцы текстов на тубаларском и чакланском языках,"Новосибирск, 2003",тексты глоссированные,,,"тубаларский, чакланский","tuba, chel"
"рец. Е.К. Скрибник, К.А. Тимофеев",Проблемы типологии и контрастивного описания языков,"Новосибирск, 1984",северные языки,сборник,,,
ред. Jelena Nomm,"Этнические представления и стереотипы - где граница? (русско-балтийские межкультурные контакты) : материалы III международной научной конференции по вопросам культурных и политических связей между Россией и странами Балтии (Нарва, 20-22 октября, 2006)","Нарва, 2007","антропология, история",,шкаф_3,балтика,balt
"ред. А. Джалалова, Е. Протасова","Проблемы мультикультурности и многоязычия в современной системе образования (материалы международной конференции, 17-19 апреля 2008)","Нарва, 2008",социолингвистика,сборник,шкаф_3,,
Г.М. Керт,Очерки по карельскому языку,"Петрозаводск, 2002",грамматическое описание,,,карельский,krl
"Г. Керт, Н. Мамонтова",Загадки карельской топонимики,"Петрозаводск, 2007",топонимика,,,карельский,krl
ред. Э.Р. Тенишев и др. ,Сравнительно-историческая грамматика тюркских языков. Морфология,"М., 1988",грамматическое описание,,,тюркские,turk
,"Московская студенческая конференция по теоретической и прикладной лингвистике. В рамках Международной конференции студентов, аспирантов и молодых ученых Ломоносов","М., 2007",теоретическая лингвистика,сборник,полки_1,,
"ред. Ф.И. Дудчук, Н.В. Ивлиева, А.В. Подобряев",Структуры и интерпретации. Работы молодых исследователей по теоретической и прикладной лингвистике,"Москва, 2007",теоретическая лингвистика,сборник,полки_1,,
В.А. Плунгян,Общая морфология. Введение в проблематику,"Москва, 2003",теоретическая лингвистика,,полки_1,,
ред. А.Е. Кибрик,Лингвистический беспредел 2. Сборник научных трудов к юбилею А.И. Кузнецовой,"Москва, 2013",теоретическая лингвистика,сборник,полки_1,,
"Joseph Gibaldi, Walter S. Achtert",MLA Handbook for Writers of Research Papers,"New York, 1988",методология,,полки_1,,
"пер. на долг. Н. А. Попов; ред.: Н. М. Артемьев, Е. С. Бетту, Н. С. Кудрякова",Лукаттан Үѳрүүлээк Һурак,"М., 2002",тексты с переводом,,,долганский,dlg
В.И. Беликов,Конвергентные процессы в лингвогенезе (автореферат дисс.) ,"М., 2006",теоретическая лингвистика,дисс,,,
ред. Э.Г. Беккер и др.,Языки и топонимия 6,"Томск, 1978",северные языки,сборник,шкаф_3,,
ред. Э.Г. Беккер и др.,Языки и топонимия 2,"Томск, 1976",северные языки,сборник,шкаф_3,,
ред. Э.Г. Беккер и др.,Языки и топонимия 7,"Томск, 1980",северные языки,сборник,шкаф_3,,
ред. Р.Ф. Деннинг,Языки и топонимия ,"Томск, 1981",северные языки,сборник,шкаф_3,,
ред. Э.Г. Беккер и др.,Языки и топонимия 5,"Томск, 1977",северные языки,сборник,шкаф_3,,
ред. Э.Г. Беккер и др.,Языки и топонимия 4,"Томск, 1977",северные языки,сборник,шкаф_3,,
ред. Е.И. Пивовар,"Полевые исследования студентов РГГУ. Этнология, фольклористика, лингвистика, религиоведение. Выпуск viii","М., 2013",теоретическая лингвистика,сборник,полки_1,,
ред. М. Беерле-Моор,Рождество Ииисуса Христа (Евангелие от Луки 2:1-20) на 80 языках народов СНГ,"М., 2000",тексты с переводом,,шкаф_2,,
"ред. С.Г. Татевосов, А.Г. Пазельская, Д.Ш. Сулейманов",Элементы татарского языка в типологическом освещении. Мишарский диалект,"М., 2007",грамматическое описание,,,мишарский татарский,tmi
ред. Е.А. Лютикова и др. ,Мишарский диалект татарского языка. Очерки по синтаксису и семантике,"М., 2007",грамматическое описание,,,мишарский татарский,tmi
ред. С.Ю. Толдова и др.,Элементы мокшанского языка в типологическом освещении,"М., 2018",грамматическое описание,,,мокшанский,mdf
ред. В.Н. Топоров и др. ,Языки мира: Балтийские языки. ,"М., 2006",энциклопедия языков,,,балтийские,balt
ред. В.В. Виноградов,"Языки народов СССР V: Монгольские, тунгусо-маньчжурские и палеоазиатские языки","Ленинград, 1968",энциклопедия языков,,,"монгольские, тунгусо-маньчжурские, палеоазиатские языки","mong, tung, pls"
Управление по делам коренных малочисленных народов Севера Администрации Пуровского района,"Детям о тундре и Севере. Памятка для граждан из числа коренных малочисленных народов Севера, ведущих традиционный образ жизни на территории Пуровского района","Пуровск, 2023",брошюра,,полки(б)_5,,
О.А. Черепанова,Образы и сюжеты севернорусской мифологии,"СПб., 2012",фольклор,,полки(б)_4,русский север,rnor
,Илко и его друзья спасают мир,"М., 2021",брошюра,,,,
Н.Н. Диков,Древние костры Камчатки и Чукотки: 15 тысяч лет истории,"М., 2012","антропология, история",,,"чукотка, камчатка","chkt, kmch"
В.А. Успенский,Труды по нематематике. Книга 2. Философия,"М., 2014",теоретическая лингвистика,,полки_1,,
"А.Е. Кибрик, С.В. Кодзасов, С.А. Старостин / А.И. Муравьёва","Предварительные публикации, выпуск 115. О просодической структуре слов в дагестанских языках. / Корякская гармония гласных в сравнении с чукотской","М., 1978",фонетика и фонология,,,корякский,kpy
П. Хайду (пер. с венг. Е.А. Хелимского),Уральские языки и народы,"М., 1985",энциклопедия языков,,полки(б)_7,уральские,ural
А.Б. Громов,Арктика в Великой Отечественной войне (Осторожно: научность издания не подтверждена),"М., 2020",история,,полки(а)_7,,
"С.А. Васильев, Ю.Е. Берёзкин, А.Г. Козинцев",Сибирь и первые американцы,"СПб., 2011",этногенез,,шкаф_2,,
ред. Е.П. Батьянова и др.,Народы Северо-Востока Сибири,"М., 2010",антропология,,шкаф_3,,
"A. Malchukov, A. Spencer",The Oxford Handbook of Case,"New York, 2009",теоретическая лингвистика,,полки_1,,
Н.Б. Емельянова,"Учебное пособие по чукотскому языку (для тех, кто желает изучать чукотский язык)","Анадырь, 2016",учебник,,,чукотский,ckt
П.Г. Турутина,Лесные ненцы. Сказания земли пуровской,"Новосибирск, 2004",фольклор,,полки(б)_5,лесной ненецкий,fore
ред. В.С. Кривощёков и др. ,Тропою Богораза. Научные и литературные материалы,"М., 2008",экспедиционные материалы,,полки(а)_7,чукотский,ckt
В.К. Войт,Камчатка и её обитатели (репринт print-on-demand),"М., 1855 (репринт)",антропология,,,камчатка,kmch
"narr. A.A. Kemetwali, ed. T. Kurebito",Chukchi Animal Folk Tales with Grammatical Analysis,"Tokyo, 2018",тексты глоссированные,,,чукотский,ckt
"narr. A.A. Kemetwali, ed. T. Kurebito",Chukchi Animal Folkrales,"Tokyo, 2004",тексты с переводом,,,чукотский,ckt
В.И. Йохельсон + В.Г. Богораз,"Труды Якутской экспедиции, снаряженной на средства И. М. Сибирякова. Отдел iii, Том ix, Часть iii. Материалы по изучению юкагирского языка и фольклора. Материалы по изучению юкагирского языка и фольклора, собранные в Колымском округе.+ Образцы материалов по изучению чукотского языка и фольклора собранных в Колымском округе. ","СПб., 1900",тексты с переводом,,,"чукотский, юкагирский","ckt, yuka"
В.В. Горбачева,Обряды и праздники коряков ,"СПб., 2004",антропология,,,корякский,kpy
ред. Е.Н. Кузьмина,Повести Кецая Кеккетына. Тексты. Переводы. Комментарии,"Новосибирск, 2018",тексты с переводом,,,якутский,sah
В.Г. Богораз,"Труды Якутской экспедиции. Отдел 3, т. 11, ч. 3. Образцы народной словесности чукоч","СПб., 1900",тексты с переводом,,,чукотский,ckt
сост. С.Д. Дядюн,Няврєм путрəт,"Ханты-Мансийск - Екатеринбург, 2008",тексты с переводом,,,ненецкие,nene
С.А. Мызников,Атлас субстратной и заимствованной лексики русских говоров Северо-Запада,"СПб., 2007",диалектология,,,русский север,rnor
ред. Н. Н. Казанский,Acta Linguistica Petropolitana. Труды Института лингвистических исследований РАН. Т. XII. Ч. 2. Вып. 7: Типология перфекта,"СПб., 2016",теоретическая лингвистика,сборник,полки_1,,
ред. Н. Н. Казанский,Acta Linguistica Petropolitana. Труды Института лингвистических исследований РАН. Т. X. Ч. 3. Типологические исследования,"СПб., 2014",теоретическая лингвистика,сборник,полки_1,,
ред. Н. Н. Казанский,Acta Linguistica Petropolitana. Труды Института лингвистических исследований РАН. Т. X. Ч. 2. Русский язык: грамматика конструкций и лексико-семантические переходы,"СПб., 2014",теоретическая лингвистика,сборник,полки_1,,
ред. Н. Н. Казанский,Acta Linguistica Petropolitana. Труды Института лингвистических исследований РАН. Т. X. Ч. 2. вып. 6. Типология аспектуальных систем и категорий,"СПб., 2012",теоретическая лингвистика,сборник,полки_1,,
Ю. Слёзкин,Арктические зеркала,"М.,2008","антропология, история",,полки(а)_7,,
Феликс Марти и др,Мир языков. Обзор языков мира,"Элиста, 2006",энциклопедия языков,,шкаф_3,,
ред. Н.Б. Кошкарёва,Научный вестник Ямало-Ненецкого АО. Выпуск 6 (58). Уральские языки севера Сибири.,"Салехард, 2008",северные языки,сборник,,уральские,ural
"Абубакирова Л.Ф., Дюсупова Л.В.",Лингвистический атлас южного Урала: Республика Башкортостан и Оренбургский край,"Уфа, 2015",энциклопедия языков,,шкаф_3,,
Г.А. Золотова,Коммуникативные аспекты русского синтаксиса,"М., 2007",теоретическая лингвистика,,шкаф_2,русский,rus
К.Б. Клоков,Оленеводство и оленеводческие народы Севера России. Часть 1. Республика Саха (Якутия),"СПб., 2001",антропология,,шкаф_3,,
К.Б. Клоков,Оленеводство и оленеводческие народы Севера России. Часть 2. Север Средней Сибири.,"СПб., 2001",антропология,,шкаф_3,,
ред. А. Дыбо,Урало-алтайские исследования №3(14) 2014,"М., 2014",северные языки,сборник,шкаф_2,,
ред. А. Дыбо,Урало-алтайские исследования №2(17) 2015,"М., 2015",северные языки,сборник,шкаф_3,,
"ред. Н.Б. Кошкарёва, Н.Н. Широбокова",Языки коренных народов Сибири 10. Экспедиционные материалы,"Новосибирск, 2003",тексты с переводом,,,"турбаларский, чалканский, барабинско-татарский, ненецкий, хантыйский, кетский","ket, nene, khan, tuba, chel, bara"
ред. М.И. Черемисина и др.,Языки коренных народов Сибири 19. Развитие аналитических структур в условиях языковых контактов,"Новосибирск, 2007",северные языки,сборник,шкаф_3,,
ред. Ч.М. Таксами,Культурные традиции народов Сибири,"Ленинград, 1986",антропология,сборник,шкаф_3,,
ed. S. Tatevosov,Investigations into Formal Altaic Linguistics: Proceedings of the Workshop on Altaic Formal Linguistics 3,"М., 2009",северные языки,сборник,шкаф_3,,
ред. М.И. Черемисина и др.,Языки коренных народов Сибири 18,"Новосибирск, 2006",северные языки,сборник,шкаф_3,,
ред. Н.Б. Кошкарёва,Языки коренных народов Сибири 11,"Новосибирск, 2003",северные языки,сборник,шкаф_3,,
"ред. Н.Б. Кошкарёва, И.В. Октябрьская",Языки коренных народов Сибири 12,"Новосибирск, 2002",северные языки,сборник,шкаф_3,,
ред. В.И. Лыткин и др. ,"Основы финно-угорского языкознания. Прибалтийско-финские, саамские и мордовские языки.","М., 1975",северные языки,сборник,полки(б)_7,финно-угорские,fugo
К.Е. Майтинская,Служебные слова в финно-угорских языках,"М., 2010",морфосинтаксис,,полки(б)_7,финно-угорские,fugo
"ред. Н.С. Братчикова, А.П. Гуськова",Актуальные вопросы финно-угроведения и преподавания финно-угорских языков и литератур. Доклады международной научной конференции 17-19 ноября 2010 года,"М., 2011",северные языки,сборник,полки(б)_7,финно-угорские,fugo
К.Е. Майтинская,Историко-сопоставительная морфология финно-угорских языков,"М., 2009",историческая лингвистика,,полки(б)_7,финно-угорские,fugo
В.В. Напольских,Введение в историческую уралистику,"Ижевск, 1997",историческая лингвистика,,полки(б)_7,уральские,ural
Е.А. Хелимский,"Компаративистика, уралистика. Лекции и статьи","М., 2000",историческая лингвистика,,полки(б)_7,уральские,ural
ред. Ю.С. Елисеева,Проект подробной инструкции по единообразному описанию диалектов уральских языков,"М., 1988",северные языки,сборник,полки(б)_7,уральские,ural
Sampsa Holopainen,Indo-Iranian Borrowings in Uralic. Critical overview of the Sound Substitutions and Distribution Criterion,"Helsinki, 2009",историческая лингвистика,,полки(б)_7,уральские,ural
ред. П.И. Скорик,Склонения в палеоазиатских и самодийских языках,"Ленинград, 1974",историческая лингвистика,,полки(б)_7,"самодийские, палеоазиатские","samo, pls"
"А.Е. Аникин, Е.А. Хелимский",Самодийско-тунгусо-маньжрурские лексические связи,"М., 2007",историческая лингвистика,,полки(б)_7,"самодийские, тунгусо-маньжурские ","tung, samo"
ред. Р.Ф. Деннинг,Вопросы енисейского и самодийского языкознания,"Томск, 1983",историческая лингвистика,,полки(б)_7,"енисейские, самодийские","yeni, samo"
Ю.А. Морев,Структура самодийских и енисейских языков,"Томск, 1985",грамматическое описание,,полки(б)_7,"енисейские, самодийские","yeni, samo"
ред. Р.Ф. Деннинг,Структура палеоазиатских и самодийских языков,"Томск, 1984",грамматическое описание,,полки(б)_7,"самодийские, палеоазиатские","samo, pls"
"И.С. Вдовин, Н.М. Терещенко",Очерки истории изучения палеоазиатских и самодийских языков,"Учпедгиз, 1959",история учений,,полки(б)_7,"самодийские, палеоазиатские","samo, pls"
"И.П. Сорокина, Д.С. Болина",Энецко-русский / русско-энецкий словарь,"СПб., 2001",словарь,,полки(б)_7,энецкий,enet
Б.О. Долгих,Очерки по этнической истории ненцев и энцев,"М., 1970","антропология, история, этногенез",,полки(б)_7,"ненецкий, энецкий","nene, enet"
В.И. Васильев,Проблемы формирования северо-самодийских народностей,"М., 1979",этногенез,,полки(б)_7,северные самодийские,nsamo
M. Alexander Castrén,Grammatik der samojedischen sprachen. Reprint (2 книги),"SPb., 1854",грамматическое описание,,полки(б)_7,самодийские,samo
В. Огрызко,Селькупская литература,"М., 2013",тексты с переводом,,полки(б)_7,селькупский,sel
ред. Н.Т. Костеркина,Нганасанско-русский / русско-нганасанский ,"СПб., 2001",словарь,,полки(б)_7,нганасанский ,nio
К.И. Лабанаускас,Происхождение нганасанского народа,"СПб., 2004",этногенез,,полки(б)_7,нганасанский ,nio
ред. А.Н. Немтушкин,Песни нганасан,"Красноярск, 1995",фольклор,,полки(б)_7,нганасанский ,nio
Л.В. Хомич,Нганасаны,"СПб., 2000",антропология,,полки(б)_7,нганасанский ,nio
Triinu Ojamaa,The Nganasan Improvisatory Chants,"Tallin, 1990",фонетика и фонология,,полки(б)_7,нганасанский ,nio
,Фонетика и грамматика языков Сибири,"Новосибирск, 1988",северные языки,сборник,шкаф_3,,
Г. Прокофьев,Четырнадцать уроков ненэцкого языка,"Нарьян-Мар, 1933",учебник,,полки(б)_6,ненецкие,nene
И.П. Сорокина,Энецкий язык,"СПб., 2010",грамматическое описание,,полки(б)_7,энецкий,enet
Eugene Helimski,The Language of the First Selkup Books,"Szeged, 1983",грамматическое описание,,полки(б)_7,селькупский,sel
А.И. Кузнецова и др.,Очерки по селькупскому языку. Тазовский диалект (учебное пособие),"М., 1993",учебник,,полки(б)_7,селькупский,sel
А.И. Кузнецова и др.,Очерки по селькупскому языку. Тазовский диалект. Том 1,"М., 1980",грамматическое описание,,полки(б)_7,селькупский,sel
О.А. Казакевич и др.,Очерки по селькупскому языку. Тазовский диалект. Том 3,"М., 2002",грамматическое описание,,полки(б)_7,селькупский,sel
О.А. Казакевич и др.,Очерки по селькупскому языку. Тазовский диалект. Том 3,"М., 2002",грамматическое описание,,полки(б)_7,селькупский,sel
О.А. Казакевич и др.,Очерки по селькупскому языку. Тазовский диалект. Том 3,"М., 2002",грамматическое описание,,полки(б)_7,селькупский,sel
ред. А.И. Кузнецова,Селькупский язык. Учебное пособие для педагогических колледжей и высших учебных заведений,"СПб., 2002",учебник,,полки(б)_7,селькупский,sel
Э.Г. Беккер,Категория падежа в селькупском языке,"Томск, 1976",морфосинтаксис,,полки(б)_7,селькупский,sel
Н.Г. Кузнецова,Грамматические категории южноселькупского глагола,"Томск, 1995",грамматика,,полки(б)_7,селькупский,sel
В.В. Быконя,Имя числительное в картине мира селькупов,"Томск, 1998",морфосинтаксис,,полки(б)_7,селькупский,sel
Hartmut Katz,Selkupische Ouellen. Ein Lesebuch,"Wien, 1979",тексты с переводом,,полки(б)_7,селькупский,sel
Главное управление геодезии и картографии СССР,Инструкция по передаче на картах селькупских географических названий,"М., 1963",топонимика,,полки(б)_7,селькупский,sel
сост. Г.И. Пелих,Селькупская мифология,"Томск, 1998",фольклор,,полки(б)_7,селькупский,sel
И.Н. Гемуев,Семья у селькупов (XIX --- начало XX века),"Новосибирск, 1984",антропология,,полки(б)_7,селькупский,sel
А.И. Кузнецова,Селькупы Туруханского района Красноярского края на рубеже II и III тысячелетий (социолингвистическая ситуация и языковые изменения) ,"Воронеж, 2007",социолингвистика,,полки(б)_7,селькупский,sel
С.И. Ириков,Словарь селькупско-русский и русско-селькупский,"Ленинград, 1988",словарь,,полки(б)_7,селькупский,sel
обработка и издание Е. Хелимского,Южноселькупский словарь Н.П. Григоровского,"Hamburg, 2007",словарь,,полки(б)_7,селькупский,sel
ред. Л.В. Хомич и др.,Тазовские селькупы: Очерки традиционной культуры,"СПб., 2002",антропология,сборник,полки(б)_7,селькупский,sel
Э.Г. Беккер и др. ,Морфология селькупского языка,"Томск, 1995",грамматическое описание,,полки(б)_7,селькупский,sel
сост. Н.М. Терещенко,Ненецко-русский словарь с кратким очерком грамматики и лексики ненецкого языка,"Ленинград, 1955",словарь,,полки(б)_6,ненецкие,nene
Н.М. Терещенко,Словарь ненецко-русский и русско-ненецкий. Пособие для учащихся начальной школы,"Ленинград, 1989",словарь,,полки(б)_6,ненецкие,nene
сост. Н.М. Терещенко,Ненецко-русский словарь с приложением краткого грамматического очерка ненецкого языка,"М., 1965",словарь,,полки(б)_6,ненецкие,nene
Е.Н. Самойлова,Русско-ненецкий тематический словарь. Учебное пособие для 5–9 классов общеобразовательных учреждений,"СПб., 2008",словарь,,полки(б)_6,ненецкие,nene
Е.Н. Вожакова,Русско-ненецкий словарь (лесной диалект) ,"М., 1997",словарь,,полки(б)_6,ненецкие,nene
Е.Н. Самойлова,Русско-ненецкий тематический словарь. Учебное пособие для 5–9 классов общеобразовательных учреждений,"СПб., 2008",словарь,,полки(б)_6,ненецкие,nene
"М.Я. Бармич, И.А. Вэлло",Словарь ненецко-русский и русско-ненецкий (лесной диалект) ,"СПб., 2008",словарь,,полки(б)_6,ненецкие,nene
"сост. А.П. Пырерка, Н.М. Терещенко",Русско-ненецкий словарь,"М., 1948",словарь,,полки(б)_6,ненецкие,nene
Валентина Ханзерова,"Ненэцие"" округхы ë"" нюво"" падар"". Название географических объектов на карте округа","Нарьян-Мар, 2015","топонимика, тексты без перевода",,полки(б)_6,ненецкие,nene
С.И. Буркова и др. ,Диалектологический словарь ненецкого языка ,"Екатеринбург, 2010",словарь,,полки(б)_6,ненецкие,nene
С.В. Тайбарей,Ненецкие загадки,"СПб., 2004",тексты без перевода,,полки(б)_6,ненецкие,nene
"М. Я. Бармич, З. Н. Куприянова",Практикум по ненецкому языку. Пособие для педагогических училищ,"Ленинград, 1979",учебник,,полки(б)_6,ненецкие,nene
Г.Н. Прокофьев,Самоучитель ненэцкого языка,"М., Ленинград, 1936",учебник,,полки(б)_6,ненецкие,nene
Н. М. Терещенко,В помощь самостоятельно изучающим ненецкий язык (Опыт сопоставительной грамматики ненецкого и русского языков) ,"Ленинград, 1959",учебник,,полки(б)_6,ненецкие,nene
З. Н. Куприянова,Ненецкий. Учебное пособие для педагогических училищ,"Ленинград, 1985",учебник,,полки(б)_6,ненецкие,nene
А. В. Алмазова,Самоучитель ненецкого языка,"Ленинград, 1961",учебник,,полки(б)_6,ненецкие,nene
Янгасова Н.М. ,Маленький слушатель / Нюдякоця инзелена: хрестоматия для детских дошкольных учреждений,"СПб., 1994",тексты без перевода,,полки(б)_6,ненецкие,nene
Василий Ледков,Детям моего стойбища: сборник стихов / ӈэсын тер' ӈацекэхэ': стих' сборник ,"Ленинград, 1960",тексты без перевода,,полки(б)_6,ненецкие,nene
А.М. Щербакова,Ненецкие сказки / Ненэця' вадако'. Репринтное издание 1960 г.,"Ижевск, 2019",тексты без перевода,,полки(б)_6,ненецкие,nene
сост. Вячеслав Огрызко,Ненецкая литература: Сборник,"М., 2--3",фольклор,,полки(б)_6,ненецкие,nene
Е.Г. Сусой,Ненецкая литература. Учебная хрестоматия для 6-7 классов,"Ленинград, 1990",тексты без перевода,,полки(б)_6,ненецкие,nene
"М.Я. Бармич, В.Н. Няруй",Ненецкий язык. Учебник для 6-7 классов,"Ленинград, 1990",учебник,,полки(б)_6,ненецкие,nene
В.А. Ханзерова,"Ненэця' вадавна лаханахава"". Учебное пособие","Нарьян-Мар, 2018",учебник,,полки(б)_6,ненецкие,nene
Е.Г. Сусой,Ненецкая литература. Учебная хрестоматия для 9 класса,"СПб., 2001",учебник,,полки(б)_6,ненецкие,nene
"А.И. Ненянг, М.А. Ненянг",Читаем детям. Пособие для воспитателей ненецких детских садов,"СПб., 2002",тексты без перевода,,полки(б)_6,ненецкие,nene
сост. О.Е. Латышева,Тропами предков. Сборник материалов комплексной экспедиции к канинским ненцам,"Нарьян-Мар, 2016",антропология,материалы экспедиции,полки(б)_6,ненецкие,nene
Л. Лапцуй,Ямал' нямна ваде'мы' / Рассказы о Ямале,"Тюмень, 1962",тексты без перевода,,полки(б)_6,ненецкие,nene
пер. М.Я. Бармич,Лука' падвы Маймбабцо Юн / Евангелие от Луки,"Москва, 2004",тексты без перевода,,полки(б)_6,ненецкие,nene
"пер. Болина, Д. С.",Лука паздуй єдэ база: ӈоб лоз эза переэ,"Стокгольм, 1995",тексты без перевода,,полки(б)_7,энецкий,enet
"Вильгельм Буш, пер. М.Я. Бармич","Иисус --- маня"" илма""! / Иисус -- наша судьба!",1997,тексты без перевода,,полки(б)_6,ненецкие,nene
Прокопий Явтысый,"Вына"" я","Таллин, 2005",тексты без перевода,,полки(б)_6,ненецкие,nene
Н.Б. Кошкарёва,Очерки по синтаксису лесного диалекта ненецкого языка,"Новосибирск, 2005",морфосинтаксис,,полки(б)_5,лесной ненецкий,fore
Я.Н. Попова,Фонетические особенности лесного наречия ненецкого языка. Автореферат дисс. ,"Новосибирск, 1975",фонетика и фонология,дисс,полки(б)_5,лесной ненецкий,fore
ed. Ferenc Kiefer,"Hungarian General Linguistics // Linguistic and Literary Studies in Eastern Europe, 4","Amsterdam/Philadelphia, 1982",теоретическая лингвистика,сборник,полки(б)_4,венгерский,hun
Tapani Salminen,On identifying basic vowel distinctions in Tundra Nenets //  Vol. 1993 No. 51 (1993): Finnisch-Ugrische Forschungen 51,"Helsinki, 1993",фонетика и фонология,,полки(б)_5,тундровый ненецкий,yrk
Я.Н. Попова,Фонетические особенности лесного наречия ненецкого языка,"М., 1978",фонетика и фонология,,полки(б)_5,лесной ненецкий,fore
С.И. Буркова,Сопоставительное описание функционально-семантических полей обусловленности в лесном и тундровом диалектах ненецкого языка,Новосибирск. 2003,грамматика,,полки(б)_5,ненецкие,nene
В.В. Шилова,Пространственные модели элементарных простых предложений в ненецком языке. Часть 2,Новосибирск. 2004,морфосинтаксис,,полки(б)_5,ненецкие,nene
В.В. Шилова,Пространственные модели элементарных простых предложений в ненецком языке. Часть 1,Новосибирск. 2004,морфосинтаксис,,полки(б)_5,ненецкие,nene
,"Фольклор народов Таймыра. Выпуск 5. Ненецкий фольклор: мифы, сказки, исторические предания","Красноярск, 1995",фольклор,,полки(б)_5,ненецкие,nene
Любовь Ненянг,Наши имена. К вопросу о имянаречении и бытовании собственных имён у ненцев Таймыра. Антропонимический очерк,"СПб., 1996",антропология,,полки(б)_5,ненецкие,nene
Л.В. Хомич,Ненцы,"СПб., 2003",антропология,,полки(б)_5,ненецкие,nene
П.Г. Турутина,"Нешаӈ ванԓат шотпяԓс"" / Легенды и сказки лесных ненцев","Новосибирск, 2003",тексты без перевода,,полки(б)_5,лесной ненецкий,fore
Полина Турутина,Сказка о серой мышке,"М., 2000",фольклор,,полки(б)_5,ненецкие,nene
ред. Л. П. Латышев,Прокопий Явтысый. Человек и космос / Ненэй хибяри тамна космос’’ Альбом художественных работ,"Нарьян-Мар, 2022","тексты без перевода, искусство",,полки(б)_5,ненецкие,nene
Прокопий Явтысый,Зов морошковой земли,"Белгород, 2021",околохудожественное,,полки(б)_5,ненецкие,nene
,"Альманах Народного литературного объединения ""Заполярье"" №21, 2021","Нарьян-Мар, 2021",периодика,,полки(б)_5,ненецкие,nene
В. Лунев,"От отца письмо Алене об отважном почтальоне, полуострове Таймыр и пурге. Читай до дыр!","М., 2014",околохудожественное,,полки(б)_5,,
Ирина Ханзерова,Мюд'тен. Аргиш памяти. Том 2,"Нарьян-Мар, 2019",тексты без перевода,,полки(б)_5,ненецкие,nene
,Земля ненэй ненэча / Земля настоящих людей. Историко-культурное наследие,"Тарко-Сале, 2005",тексты без перевода,,полки(б)_5,ненецкие,nene
П.Г. Турутина,Школа детей лесных ненцев,"Новосибирск, 2007",антропология,,полки(б)_5,лесной ненецкий,fore
,"Сава юн"" / Хорошие вести №3(25) 2021",2021,периодика,,полки(б)_5,ненецкие,nene
,Заполярный регион №6(13) октябрь 2008,2008,периодика,,полки(б)_5,,
А.П. Гуськова,Сопоставительная грамматика венгерского и русского языков. Учебное пособие,"М., 2012",грамматическое описание,,полки(б)_4,венгерский,hun
В.С. Иванова,Основы традиционного мировоззрения и обрядовая практика северных манси: монография,"СПб., 2018",антропология,,полки(б)_4,северный мансийский,mns
Т.В. Тимкин,Система грасных фонем сургутского диалекта хантыйского языка по экспериментально-акустическим данным (в сопоставительном аспекте). Автореферат дисс.,"Новосибирск, 2021",фонетика и фонология,дисс,полки(б)_4,сургутский хантыйский,surg
ed. Katalin Lázár,Studies on Surgut Ostyak culture,Budapest. 1997,антропология,сборник,полки(б)_4,сургутский хантыйский,surg
Ville Ropponen,Sankarimatkailijan Jugra,2016,околохудожественное,,полки(б)_4,финский,fin
ред.-сост. Е. В. Козлова,"Льӧм ю: кывбуръяс, вуджӧдӧмъяс","Сыктывкар, 2008",тексты с переводом,,полки(б)_4,"венгерский, финский, коми, марийский","hun, fin, mari, kom"
"сост. А.Л. Волков, А.И. Мишин","Jugrasta Balatonille / От Югры до Балатона. Suomalais-ugrilaista runoutta karjalan, suomen ja vepsän kielillä","Petriskoi, 2006",тексты с переводом,,полки(б)_4,"карельский, веппский","krl, vep"
"Е.А. Немысова, М.А. Рачинская",Сказки А.С. Пушкина на хантыйском ,"СПб., 2005",тексты без перевода,,полки(б)_4,хантыйские,khan
ред. М.В. Аникина,Мокша. Литературно-художественный и общественно-политический журнал. 1 января 2023,"Саранск, 2023",периодика,,полки(б)_4,мокшанский,mdf
ред. М.В. Аникина,Мокша. Литературно-художественный и общественно-политический журнал. 2 февраля 2023,"Саранск, 2023",периодика,,полки(б)_4,мокшанский,mdf
ред. М.В. Аникина,Мокша. Литературно-художественный и общественно-политический журнал. 3 марта 2023,"Саранск, 2023",периодика,,полки(б)_4,мокшанский,mdf
"М., 2013",Словарь бесермянского диалекта удмуртского языка,"Москва, 2013",словарь,,полки(б)_4,бесермянский удмуртский,udm
В.Б. Бакула,Духовная культура саамов и ее отражение в языке,"Мурманск, 2017",антропология,,полки(б)_4,кильдинский саамский,sjd
Salla Korpela,Образование в Финляднии. Ключ к успеху нации,"Министерство иностранных дел, 2017",брошюра,,,финляндия,finl
,Факты об Финляндии. Общие сведения о финском обществе,Министерство иностранных дел,брошюра,,,финляндия,finl
,"Еда по-фински: Натурально, экологично, вкусно",,брошюра,,,финляндия,finl
,Inkerin Kirkko 2/78/2011,2011,периодика,,,ингерманландский финский,ink
,Inkerin Kirkko 3/99/2016,2016,периодика,,,ингерманландский финский,ink
,Inkerin Kirkko 3/79/2011,2011,периодика,,,ингерманландский финский,ink
"Janne Saarikivi, Pekka Suutari",Kielivähemmistöt rajoilla: Saamen- ja karjalankielisten rajat ylittävä yhteistyö,,антропология,,,финский,fin
Heikki Kangasniemi,Suomen kielen tikapuut: Jatkotaso 2. Kielioppi- ja harjoituskirja,"Tampere, 2007",учебник,,,финский,fin
,"Kodima. №05(368) semendku, 2025",2025,периодика,,,веппский,vep
"Cост. В. П. Миронова, Н. Л. Шибанова.",Народные песни Ингерманландии,"Петрозаводск, 2020",фольклор,,,ингерманландский финский,ink
Helmi Leberecht,Räägime eesti keelt. Мы говорим по-эстонски. I osa,"Таллин, 1983",учебник,,,эстонский,ekk
G. Jakó,Eesti-Soome-Vene vestlus sõnastik. Eestiläis-Suomalais-Venäläinen kieliopas. Эстонско-Финско-Русский разговорник,"Таллин, 1966",словарь,,,эстонский,ekk
"M. Э. Куусинен, В. М. Оллыкайнен, Ю. Э. Сюрьйялайнен",Новый большой русско-финский словарь. Том I (A-O),"Москва, 2007",словарь,,,финский,fin
"M. Э. Куусинен, В. М. Оллыкайнен, Ю. Э. Сюрьйялайнен",Новый большой русско-финский словарь. Том II (П-Я),"Москва, 2007",словарь,,,финский,fin
Ю.С. Елисеев,Финско-русский и русско-финский словарь,"Москва, 2002",словарь,,,финский,fin
Ю.Э. Коппалева,Новый финско-русский словарь,"СПб, 2006",словарь,,,финский,fin
"Туве Янссон, адапт. В.В. Черняевская",Муми-тролль и комета / Muumipeikko ja pyrstötähti,"СПб, 2013",тексты с переводом,,,финский,fin
Mauri Paasilinna,Kylmän sodan kauppamiehet,"Helsinki, 2008",тексты без перевода,,,финский,fin
Mika Waltari,Ошибка комиссара Палму: Книга для чтения на финском языке,"СПб., 2010",тексты без перевода,,,финский,fin
J.R.R. Tolkien,Hobitti eli sinne ja takaisin,,тексты без перевода,,,финский,fin
Е.Н. Погодина,Шведский язык. Практический курс,"СПб., 1999",учебник,,,шведский,swe
В.В. Чернявская,Учебник финского языка,"СПб., 2002",учебник,,,финский,fin
,Финский язык. Практический курс,"СПб., 2007",учебник,,,финский,fin
Johannes Linnankoski,Laulu tulipunaisesta kukasta / Песть об огненно-красном цветке,"СПб., 2016",тексты с переводом,,,финский,fin
,Стихи норвежских поэтов. XIX век,"М., 1984",поэзия,,,норвежский,nor
,Вспомяну я молодость... Сборник песен Нижнепечорья,"Нарьян-Мар, 2009",фольклор,,,русский север,rnor
Светлана Заборщикова,Сāндра оаhка,,тексты без перевода,,,кильдинский саамский,sjd
"П.П. Юрьев, М.П. Юрьева",Богатырь Ляйнэ / Тоавас олма Ляйнэ,"Мурманск, 2017",тексты без перевода,,,кильдинский саамский,sjd
,"Живая Арктика. №2, 1999. Ловозеро: 425 лет",1999,периодика,,,кольский,kola
Torkel Rasmussen & Tanja Sanila,Milli já Polfe. Riäskápiivdost / Milli da Bolfi. Reeppaid šee´llmen / Милли я Больфи. Mе̄хьцтэв рыпп элл,2014,тексты без перевода,,,кильдинский саамский,"sjd, sme, smn"
Яковлев Р. А.,Ӣн Луявьрэсьт / Jienat Lujávvris,"Мурманск, 2022",тексты без перевода,,,кильдинский саамский,"sjd, sme"
"Агеева А.М., Хомюк Д.М., Красавин Ж., Красавина В.",Разговорный саамский в диалогах,,словарь,,,кильдинский саамский,sjd
"И.Ф. Ушаковский, С.Н. Дащинский",Ловозеро,"Мурманск, 1988",антропология,,,кольский,kola
П.В. Федоров,Культурные ландшафты Кольского Севера. Структура и историческая динамика,"Мурманск, 2014",антропология,,,кольский,kola
Петр Губанов,Рокаччу. Путь в Колу,"Петрозаводск, 1990",история,,,кольский,kola
Г.М. Керт,"Применение компьютерных технологий в исследовании топонимии (прибалтийско-финская, русская)","Петрозаводск, 2002",топонимика,,,кильдинский саамский,sjd
Г.М. Керт,Саамская топонимная лексика,"Петрозаводск, 2009",топонимика,,,кильдинский саамский,sjd
Аскольд Бажанов,Цвет военного детства,,околохудожественное,,,,
Ираида Виноградова,Мун ка̄нҍц. Парна стиха,"Мурман, 1991",тексты без перевода,,,кильдинский саамский,sjd
М.Г. Медведева,Са̄мь сӣр / Саамские игры,"Мурманск, 2013",антропология,,,кильдинский саамский,sjd
,Kolarctic project. Ecological restoration of Arctic rivers (201902021,2021,экология,,,кольский,kola
Iraida Vinogradova,Miŋgá / Мӣннькай,2003,тексты без перевода,,,кильдинский саамский,"sjd, sme"
"Ekaterina Mečkina, Lena Jakovleva",Чӯвв юрртэ / Čuovvul jurdaga,,тексты без перевода,,,кильдинский саамский,"sjd, sme"
Астрид Линдгрен,Та̄рьенч Кукесьсуххк / Пеппи длинный чулок,"Мурманск, 2013",тексты без перевода,,,кильдинский саамский,sjd
"Joki, A. J.", Die Lehnwörter des Sajansamojedischen. Suomalais-Ugrilainen Seura,"Helsinki, 1952",теоретическая лингвистика,,,уральские,"ural, samo"
István Futaky & Wolfgang Veenker,"Julius von Farkas zum 100. Geburtstag // Veröffentlichungen der Societas Uralo-Altaica, Bd. 41",1994,теоретическая лингвистика,сборники,,уральские,ural
Wolfgang Veenker,"Dialectologia Uralica: Erstes Internationales Symposion zur Dialektologie der Uralischen Sprachen, 4.-7. September 1984 in Hamburg: Thesen zu den Vorträgen und Vorschlägen zur Klassifizierung und einheitlichen Beschreibung der Dialekte der Uralischen Sprachen","Hamburg, 1984",диалектология,сборники,,уральские,ural
,"Festschrift für Wolfgang Schlacher zum 70. Geburtstag // Veröffentlichungen der Societas Uralo-Altaica, Bd. 12",1979,теоретическая лингвистика,сборники,,уральские,ural
P.N. Zuļɵw,Togьltьptæt cātь: togьlpsātьļ nəkьrьl laka posukoļ pelæktь. Книга для чтения на селькупском языке,"Leningrad, 1934",тексты без перевода,,,селькупский,sel
Wolfgang Veenker,"Dialectologia Uralica: Materialien des ersten Internationalen Symposions zur Dialektologie der uralischen Sprachen, 4.–7. September 1984 in Hamburg.","Hamburg, 1985",диалектология,сборники,,уральские,ural
Eugen Helimski,"Diachronie in der synchronen Sprachbeschreibung: Materialien zum Internationalen Uralistischen Symposium Hamburg, 6.-10. Oktober 1999.","Hamburg, 1999",,,,уральские,ural
Н.И. Егоров-Баайагын,Якутский нож,"Дьокуускай, 2015",,,,якутский,sah
,Якутия. Современный путеводитель,"М., 2014",,,,якутский,sah
Г.И. Варламова-Кэптукэ,Умусликэн и его друзья,"Якутск, 2021",,,,эвенкийский,evn
В.Д. Аракин и др. ,Сравнительно-историческая грамматика тюркских языков. Морфология,,,,,тюркские,turk
Федоров А.С.,Народные игры и забавы Саха,,,,,якутский,sah
Вадим Дементьев,Наследники Ексекюляха. Интеллигенция Якутии,Москва 2009,,,,якутский,sah
В.И. Алексеев-Бааһынай Баһылай,Аан дайды айыллыыта... Орто дойду олохтонуута,"Дьокуускай, 2022",,,,якутский,sah
коллекция П.В. Слепцова в собрании МАЭ РАН,Охотники-оленеводы Хатанги и Анабара,,,,,якутский,sah
Владимир Санги,Оҕолорго / Детям / Куҥакарду / Уорпэҥинь / For children / 子どもたちへ / Эӻлгундоӽ раюд,"Якутск, 2020",,,,"на якутском, русском, эвенкийском, юкагирском, английском, японском и нивхском языках","sah, evn, niv, yuka"
"Школьная научно-исследовательская экспедиция, рук. Будищева Н.Ф.",По тропинкам аласов. Отчётный альбом 2020-2021. с. Кэнтик Верхневилюйского улуса,"Якутск, 2021",,,,якутский,sah
лит. обработка В.Е. Егошкина,Сказки народов Якутии в детских рисунках ,"Москва, 2018",,,,якутский,sah
В.И. Алексеев-Бааһынай Баһылай,Сэмсэ үөрэх,"Дьокуускай, 2022",,,,якутский,sah
ред. Н.Н. Кривошапкин,ҮЙЭ: саха омугу үйэтитэр сурунаал №2(72),2021,,,,якутский,sah
ред. Н.Н. Кривошапкин,ҮЙЭ: саха омугу үйэтитэр сурунаал №1(71),2021,,,,якутский,sah
"сост. А.А. Захарова, Н.Н. Малышева",Бессмертный Максим,Якутск 2022,,,,якутия,yaku
Л.Е. Винокурова,Максим Аммосов и общественно-политические события в Якутии,Якутск 2012,,,,якутия,yaku
Д.С. Макаров,Максим Аммосов. Очерк жизни и деятельности,Якутск 1992,,,,якутия,yaku
А. Хамидуллин,Легендарный Максим,Алма-Ата 1988,,,,якутия,yaku
МБУ ДО Быстринская детская школа искусств,Сборник популярных мелодий Камчатки для учащихся ДМШ и ДШИ,Петропавловск-Камчатский,,,,камчатка,kmch
К.С. Черканов,Эвенские сказки / Эвэды Немкан,Петропавловск-Камчатский 2018,,,,эвенский,eve
,"Информационно-аналитический журнал ""Будни камчатского села"" №3(5) 2017",,,,,камчатка,kmch
,"Информационно-аналитический журнал ""Будни камчатского села"" №4(6) 2017",Петропавловск-Камчатский 2018,,,,камчатка,kmch
МБУ ДО Быстринская детская школа искусств,Орьякан,,,,,камчатка,kmch
,"Информационно-аналитический журнал ""Будни камчатского села"" №3 2015/2016",,,,,камчатка,kmch
,"Информационно-аналитический журнал ""Будни камчатского села"" №1(14) 2021",,,,,камчатка,kmch
,"Информационно-аналитический журнал ""Будни камчатского села"" №5(7) 2017",,,,,камчатка,kmch
Александр Слугин,Живая связь времён. 90 лет быстринскому району Камчатского края,Петропавловск-Камчатский 2016,,,,камчатка,kmch
М.П. Фёдорова,Эвенские сказки мудрой Нулгынэт ,СПб 2018,,,,эвенский,eve
Крейнович Е.А.,О проекте единой фонетической транскрипции для палеазиатских языков,"Москва, Ленинград 1961",,,,палеазиатские,pls
В.З. Панфилов,"Грамматика нивхского языка. Часть 2: глагол, наречие, образные слова, междометия, служебные слова","Москва, Ленинград 1965",,,,нивхские,niv
"Ч.М. Таксами, В.Д. Косарев","Кто вы, айны? Очерк истории и культуры",Москва 1990,,,,айнский,ain
I. Nikolaeva,The Vocalic System of Udihe,2000,,,,удэгейский,ude
"В. И. Цинциус, К. А. Новикова, Х.И. Дуткин",Мут торэнти 1. Эвенский язык: учебник и книга для чтения в 1 классе,Ленинград 1985,,,,эвенский,eve
сост. В. Огрызко,Ульчская литература. Сборник.,Москва 2011,,,,ульчский,ulc
сост. В. Огрызко,Ульчская литература. Сборник.,Москва 2011,,,,ульчский,ulc
А.Л. Мальчуков,"Синтаксис эвенского языка. Структурные, семантические, коммуникативные аспекты",СПб 2008,,,,эвенский,eve
"В.А. Роббек, М.Е. Роббек",Эвенско-русский словарь,Новосибирск 2005,,,,эвенский,eve
А.Х. Гирфанова,Словарь удэгейско-русский и русско-удэгейский,СПб 2002,,,,удэгейский,ude
Болдырев Б.В.,Части речи и грамматические категории эвенкийского языка в сравнительном освящении. Дисс. в виде научного доклада,Новосибирск 2004,,дисс,,эвенкийский,evn
Морозова О.Н. ,Парадигматика и синтагматика звуковых систем тунгусских языков верхнего Приамурья. Автореф. дисс.,Новосибирск 2021,,дисс,,тунгусо-маньчжурские,tung
,"""Из глубин земли Камчатки..."" Фольклорно-этнографические экспедиции в Олюторский район",Петропавловск-Камчатский 2016,,,,камчатка,kmch
"В. И. Какав, Е. И. Дедык",Северянин / Айгытӄылг'ын: пособие на коряк. яз. для учащихся 1-2 кл.,СПб 2004,,,,корякский,kpy
"В. И. Какав, Е. И. Дедык",Северянин / Айгытӄылг'ын: пособие на коряк. яз. для учащихся 1-2 кл.,СПб 2004,,,,корякский,kpy
"сост. Г. Н. Харюткина, перевод С. Н. Стебницкий",Сказки / Лымӈылё: на русском и корякском языках ,Петропавловск-Камчатский 2015,,,,корякский,kpy
Александр Ключников,"С любовью, мои Северяне",Петропавловск-Камчатский 2013,,,,камчатка,kmch
"М.Е. Беляева, А.А. Сорокин","""Из глубин земли Камчатки..."" Фольклорно-этнографические экспедиции в Пенжинский район",Нижний Новгород 2017,,,,камчатка,kmch
сост. М.Е. Беляева,Фольклорное наследие В.Н. Малюковича: обрядовые праздники коряков,Петропавловск-Камчатский 2016,,,,корякский,kpy
Н.А. Воробьева и др.,"""Из глубин земли Камчатки"". Фольклорно-этнографические экспедиции в Карагинский район",,,,,камчатка,kmch
сост. Э.Г. Ямна,Корякский фольклор / Koryak Folklore,Москва 2001,,,,корякский,kpy
А. Сильницкий,Поездка в Камчатку и на реку Анадырь (репринт print-on-demand),1897,,,,камчатка,kmch
В.Н. Нутаюлгин,Национальные имена коренных жителей сёл Анапка и Кичига Карагинского района Камчатской области,Новосибирск 2020,,,,камчатка,kmch
К. Фон-Дитмар,Поездки и пребывание в Камчатке в 1851-1855 гг. Часть 1(репринт print-on-demand),1888,,,,камчатка,kmch
А.Н. Жукова,Корякско-русский и русско-корякский словарь,СПб 2003,,,,корякский,kpy
А.Н. Жукова,Корякско-русский и русско-корякский словарь,СПб 2003,,,,корякский,kpy
А.Н. Жукова,"Грамматика корякского языка. Фонетика, морфология",Ленинград 1972,,,,корякский,kpy
Г.К. Авев,Дидактический материал по развитию корякской речи для 5-9 классов,Петропавловск-Камчатский 2005,,,,корякский,kpy
сост. В. Огрызко,Ительменская литература. Сборник,Москва 2011,,,,ительменский,itl
сост. В. Огрызко,Ительменская литература. Сборник,Москва 2011,,,,ительменский,itl
А.П. Володин,Словарь интельменско-русский и русско-ительменский,СПб 2001,,,,ительменский,itl
пер. А.П. Володин,Мэл ланом Луканк нкэлычэн / От Луки святое благовествование. Евангелие от Луки на ительменском языке с параллельным русским Синоидальным переводом (с DVD-аудио-диском),Москва 2013,,,,ительменский,itl
"К.Н. Халоймова, А.П. Володин",Букварь для 1 класса ительменских школ,СПб 1993,,,,ительменский,itl
,Детям Кутха: загадки и стихи на ительменском и русском языках,Петропавловск-Камчатский 2016,,,,ительменский,itl
К.Н. Халоймова,Итəемəн'ин крвэӆхатас 2 / Ительменский язык. Учебник и книга для чтения для 2 класса,Ленинград 1991,,,,ительменский,itl
"сост. Е.П. Пронина, Т.А. Голованева","Корякско-русский словарь к постраничным сноскам. Приложение к книге ""Повести Кецая Кеккетына. Тексты. Переводы. Комментарии""",Новосибирск 2018,,,,корякский,kpy
Қэччаят Нутэв'йин,Апоқв'аямкэнав' лымңылю / Сказки коряков реки Апука: на корякском (чавчувенском) и русском языках,Петропавловск-Камчатский 2015,,,,корякский,kpy
пер. В.Р. Дедык,Панэнатво Иисус Христосынакъет / Рассказы об Иисусе Христе,Москва,,,,корякский,kpy
"А.Н. Жукова, В.Р. Дедык",Корякский язык в таблицах,СПб 2004,,,,корякский,kpy
"А.Н. Жукова, В.Р. Дедык",Корякский язык в таблицах,СПб 2004,,,,корякский,kpy
Р. О. Якобсон,Избранные работы,Москва 1985,теоретическая лингвистика,,шкаф_1,,
Р. О. Якобсон,Работы по поэтике,Москва 1987,филология,,шкаф_1,,
Н. С. Трубецкой,Избранные работы по филологии,Москва 1987,филология,,шкаф_1,,
В. фон Гумбольдт,Избранные работы по языкознанию,Москва 1984,теоретическая лингвистика,,шкаф_1,,
С. А. Рейер,Основы текстологии,Ленинград 1978,филология,,шкаф_1,,
Т. В. Цивьян [ответственный редактор],Структура текста,Москва 1980,филология,,шкаф_1,,
Т. В. Цивьян [ответственный редактор],Текст: семантика и структура,Москва 1983,филология,,шкаф_1,,
"В. В. Иванов, А. И. Сумина [ответственные редакторы]",История русского языка и лингвистическое источниковедение,Москва 1987,историческая лингвистика,,шкаф_1,русский язык,rus
П. Я. Черных,Историческая грамматика русского языка,Москва 1952,историческая лингвистика,,шкаф_1,русский язык,rus
А. М. Селищев,Старославянский язык. Часть 1,Москва 1951,историческая лингвистика,,шкаф_1,старославянский,chu
А. М. Селищев,Старославянский язык. Часть 2,Москва 1952,историческая лингвистика,,шкаф_1,старославянский,chu
А. В. Десницкая,Сравнительное языкознание и история языков,Москва 1978,историческая лингвистика,,шкаф_1,,
Б. А. Серебренников [ответственный редактор],Теоретические основы классификации языков мира,Москва 1982,историческая лингвистика,,шкаф_1,,
Б. В. Якушкин,Гипотезы о происхожении языка,Москва 1984,историческая лингвистика,,шкаф_1,,
"Т. А. Амирова, Б. А. Ольховников, Ю. В. Рождественский",Очерки по истории лингвистики,Москва 1975,история учений,,шкаф_1,,
"Д. Слобин, Дж. Грин",Психолингвистика,Москва 1976,психолингвистика,,шкаф_1,,
Р. И. Яранцев,Словарь-справочник по русской фразеологии,Москва 1985,словарь,,шкаф_1,русский,rus
В. А. Николаев,Имя и общество,Москва 1974,ономастика,,шкаф_1,,
В. А. Никонов [ответственный редактор],Этнонимы,Москва 1970,ономастика,сборник,шкаф_1,,
М. В. Крюков  [ответственный редактор],Системы личных имён у народов мира,Москва 1986,ономастика,сборник,шкаф_1,,
Л. П. Калакуцая,Ономастика и норма,Москва 1976,ономастика,сборник,шкаф_1,,
"В. А. Никонов, А. В. Суперанская  [ответственные редакторы]",Ономастика,Москва 1969,ономастика,сборник,шкаф_1,,
Н. В. Подольская,Словарь русской ономастической терминологии,Москва 1988,словарь,,шкаф_1,,
А. В. Суперанская  [ответственный редактор],Имя нарицательное и собственное,Москва 1978,ономастика,сборник,шкаф_1,,
В. А. Николаев,География фамилий,Москва 1988,ономастика,,шкаф_1,,
А. В. Суперанская  [ответственный редактор],Историческая ономастика,Москва 1977,ономастика,сборник,шкаф_1,,
А. В. Суперанская ,Как вас зовут? Где вы живёте?,Москва 1964,научпоп,,шкаф_1,,
М. В. Горбаневский,В мире имён и названий,Москва 1987,научпоп,,шкаф_1,,
Ю. В. Откупщипов,К истокам слов,Ленинград 1968,научпоп,,шкаф_1,,
М. А. Оборина,Тайны древних письмен: проблемы дешифровки,Москва 1974,теоретическая лингвистика,сборник,шкаф_1,,
Ч. Лоукотка,Развитие письма,Москва 1950,теоретическая лингвистика,,шкаф_1,,
И. Фридрих,История письма,Москва 1979,теоретическая лингвистика,,шкаф_1,,